"TrainRMSE","ValidRMSE","TestRMSE"
0.0381546433606143,0.0426178103593746,0.039593033458852
