"TrainRMSE","ValidRMSE","TestRMSE"
0.00331168109734404,0.00502958044537524,0.00387853462853999
