"TrainRMSE","ValidRMSE","TestRMSE"
0.00455188320000622,0.0054016265597317,0.00522157700585334
