"TrainRMSE","ValidRMSE","TestRMSE"
0.00345216241245977,0.00493162343682028,0.00404026094503151
