"TrainRMSE","ValidRMSE","TestRMSE"
0.00528260390284608,0.00663522559427817,0.00569856426934457
