"TrainRMSE","ValidRMSE","TestRMSE"
0.00215141436100276,0.00517340674087032,0.00305097518407372
