"TrainRMSE","ValidRMSE","TestRMSE"
0.00283018784738848,0.00485646757920353,0.00431462177153583
