"TrainRMSE","ValidRMSE","TestRMSE"
0.00415175928712051,0.0050566079914164,0.00448553303982486
