"TrainRMSE","ValidRMSE","TestRMSE"
0.00535648057040005,0.00788630766070469,0.00722389784419617
