"TrainRMSE","ValidRMSE","TestRMSE"
0.000889548028478484,0.00553734379737086,0.00346949202753306
