"TrainRMSE","ValidRMSE","TestRMSE"
0.00429123031163413,0.0052114219011533,0.00604587325351324
