"TrainRMSE","ValidRMSE","TestRMSE"
0.00131125349800932,0.00502077763421073,0.00533692446637476
